{"cameraMode":{"drawMode":0,"name":"Shaded","section":"Shading Mode"},"sceneLighting":true,"audioPlay":false,"sceneViewState":{"m_AlwaysRefresh":false,"showFog":false,"showSkybox":false,"showFlares":false,"showImageEffects":false,"showParticleSystems":false,"showVisualEffectGraphs":true,"m_FxEnabled":true},"in2DMode":false,"pivot":{"x":0.873669445514679,"y":-6.806544780731201,"z":30.27334976196289},"rotation":{"x":0.06744316220283508,"y":-0.013469239696860314,"z":0.0009089318918995559,"w":0.9976377487182617},"size":20.60171890258789,"orthographic":false}